lobe_name,num_components_base,num_components_clean,volume_ml_base,volume_ml_clean,delta_components,volume_change_%
LLL,13.418181818181818,1.0,1317.93992223274,1317.6508288222033,12.418181818181818,-0.02193524952540496
LUL,9.563636363636364,1.018181818181818,1289.9457586292924,1289.7722796812463,8.545454545454547,-0.013448545947420914
RLL,11.418181818181818,1.0,1490.7627324622642,1490.4430843247467,10.418181818181818,-0.021441918996029912
RML,7.236363636363636,1.0545454545454545,431.2399404911157,431.139385000223,6.181818181818182,-0.02331775919878508
RUL,17.0,1.0363636363636364,1144.2042733371673,1143.9548158913753,15.963636363636363,-0.021801827838340514
